[
    {
        "order_id": 1,
        "store": "Kanata",
        "items": [
            {
                "type": "Cheese",
                "size": "S"
            }
        ],
        "date": "2023-01-05"
    },
    {
        "order_id": 2,
        "store": "Orleans",
        "items": [
            {
                "type": "Deluxe",
                "size": "L"
            },
            {
                "type": "Hawaiian",
                "size": "S"
            }
        ],
        "date": "2023-02-14"
    },
    {
        "order_id": 3,
        "store": "Downtown",
        "items": [
            {
                "type": "Meatlovers",
                "size": "M"
            },
            {
                "type": "Cheese",
                "size": "L"
            }
        ],
        "date": "2023-03-21"
    },
    {
        "order_id": 4,
        "store": "Sandy Hill",
        "items": [
            {
                "type": "Pepperoni",
                "size": "S"
            },
            {
                "type": "Hawaiian",
                "size": "L"
            },
            {
                "type": "Deluxe",
                "size": "S"
            }
        ],
        "date": "2023-04-02"
    },
    {
        "order_id": 5,
        "store": "The Glebe",
        "items": [
            {
                "type": "Deluxe",
                "size": "M"
            },
            {
                "type": "Meatlovers",
                "size": "S"
            },
            {
                "type": "Cheese",
                "size": "M"
            }
        ],
        "date": "2023-05-10"
    },
    {
        "order_id": 6,
        "store": "Kanata",
        "items": [
            {
                "type": "Hawaiian",
                "size": "S"
            },
            {
                "type": "Cheese",
                "size": "M"
            },
            {
                "type": "Meatlovers",
                "size": "L"
            },
            {
                "type": "Pepperoni",
                "size": "M"
            }
        ],
        "date": "2023-06-18"
    },
    {
        "order_id": 7,
        "store": "Orleans",
        "items": [
            {
                "type": "Meatlovers",
                "size": "L"
            }
        ],
        "date": "2023-07-03"
    },
    {
        "order_id": 8,
        "store": "Downtown",
        "items": [
            {
                "type": "Deluxe",
                "size": "S"
            },
            {
                "type": "Hawaiian",
                "size": "M"
            },
            {
                "type": "Cheese",
                "size": "L"
            }
        ],
        "date": "2023-08-11"
    },
    {
        "order_id": 9,
        "store": "Sandy Hill",
        "items": [
            {
                "type": "Meatlovers",
                "size": "S"
            },
            {
                "type": "Cheese",
                "size": "L"
            },
            {
                "type": "Pepperoni",
                "size": "S"
            }
        ],
        "date": "2023-09-22"
    },
    {
        "order_id": 10,
        "store": "The Glebe",
        "items": [
            {
                "type": "Pepperoni",
                "size": "L"
            },
            {
                "type": "Deluxe",
                "size": "M"
            },
            {
                "type": "Cheese",
                "size": "S"
            },
            {
                "type": "Hawaiian",
                "size": "L"
            }
        ],
        "date": "2023-10-05"
    },
    {
        "order_id": 11,
        "store": "Kanata",
        "items": [
            {
                "type": "Hawaiian",
                "size": "M"
            },
            {
                "type": "Meatlovers",
                "size": "S"
            },
            {
                "type": "Cheese",
                "size": "M"
            }
        ],
        "date": "2023-11-12"
    },
    {
        "order_id": 12,
        "store": "Orleans",
        "items": [
            {
                "type": "Cheese",
                "size": "L"
            },
            {
                "type": "Pepperoni",
                "size": "S"
            }
        ],
        "date": "2023-12-18"
    },
    {
        "order_id": 13,
        "store": "Downtown",
        "items": [
            {
                "type": "Deluxe",
                "size": "M"
            },
            {
                "type": "Meatlovers",
                "size": "S"
            }
        ],
        "date": "2023-01-24"
    },
    {
        "order_id": 14,
        "store": "Sandy Hill",
        "items": [
            {
                "type": "Hawaiian",
                "size": "S"
            }
        ],
        "date": "2023-02-09"
    },
    {
        "order_id": 15,
        "store": "The Glebe",
        "items": [
            {
                "type": "Meatlovers",
                "size": "S"
            },
            {
                "type": "Cheese",
                "size": "L"
            }
        ],
        "date": "2023-03-15"
    },
    {
        "order_id": 16,
        "store": "Kanata",
        "items": [
            {
                "type": "Pepperoni",
                "size": "L"
            },
            {
                "type": "Deluxe",
                "size": "M"
            }
        ],
        "date": "2023-04-23"
    },
    {
        "order_id": 17,
        "store": "Orleans",
        "items": [
            {
                "type": "Hawaiian",
                "size": "M"
            }
        ],
        "date": "2023-05-30"
    },
    {
        "order_id": 18,
        "store": "Downtown",
        "items": [
            {
                "type": "Meatlovers",
                "size": "L"
            },
            {
                "type": "Pepperoni",
                "size": "S"
            }
        ],
        "date": "2023-06-07"
    },
    {
        "order_id": 19,
        "store": "Sandy Hill",
        "items": [
            {
                "type": "Deluxe",
                "size": "L"
            },
            {
                "type": "Hawaiian",
                "size": "M"
            }
        ],
        "date": "2023-07-14"
    },
    {
        "order_id": 20,
        "store": "The Glebe",
        "items": [
            {
                "type": "Meatlovers",
                "size": "M"
            },
            {
                "type": "Cheese",
                "size": "S"
            },
            {
                "type": "Pepperoni",
                "size": "L"
            },
            {
                "type": "Deluxe",
                "size": "S"
            }
        ],
        "date": "2023-08-22"
    },
    {
        "order_id": 21,
        "store": "Kanata",
        "items": [
            {
                "type": "Hawaiian",
                "size": "S"
            },
            {
                "type": "Cheese",
                "size": "M"
            },
            {
                "type": "Meatlovers",
                "size": "L"
            }
        ],
        "date": "2023-09-01"
    },
    {
        "order_id": 22,
        "store": "Orleans",
        "items": [
            {
                "type": "Deluxe",
                "size": "M"
            },
            {
                "type": "Meatlovers",
                "size": "S"
            },
            {
                "type": "Cheese",
                "size": "M"
            }
        ],
        "date": "2023-10-09"
    },
    {
        "order_id": 23,
        "store": "Downtown",
        "items": [
            {
                "type": "Hawaiian",
                "size": "S"
            }
        ],
        "date": "2023-11-16"
    },
    {
        "order_id": 24,
        "store": "Sandy Hill",
        "items": [
            {
                "type": "Meatlovers",
                "size": "S"
            },
            {
                "type": "Cheese",
                "size": "L"
            }
        ],
        "date": "2023-12-21"
    },
    {
        "order_id": 25,
        "store": "The Glebe",
        "items": [
            {
                "type": "Pepperoni",
                "size": "L"
            },
            {
                "type": "Deluxe",
                "size": "M"
            },
            {
                "type": "Cheese",
                "size": "S"
            },
            {
                "type": "Hawaiian",
                "size": "L"
            }
        ],
        "date": "2023-01-03"
    },
    {
        "order_id": 26,
        "store": "Kanata",
        "items": [
            {
                "type": "Hawaiian",
                "size": "M"
            },
            {
                "type": "Meatlovers",
                "size": "S"
            },
            {
                "type": "Cheese",
                "size": "M"
            }
        ],
        "date": "2023-02-12"
    },
    {
        "order_id": 27,
        "store": "Orleans",
        "items": [
            {
                "type": "Cheese",
                "size": "L"
            },
            {
                "type": "Pepperoni",
                "size": "S"
            }
        ],
        "date": "2023-03-28"
    },
    {
        "order_id": 28,
        "store": "Downtown",
        "items": [
            {
                "type": "Deluxe",
                "size": "S"
            },
            {
                "type": "Hawaiian",
                "size": "M"
            },
            {
                "type": "Cheese",
                "size": "L"
            }
        ],
        "date": "2023-04-14"
    },
    {
        "order_id": 29,
        "store": "Sandy Hill",
        "items": [
            {
                "type": "Meatlovers",
                "size": "S"
            },
            {
                "type": "Cheese",
                "size": "L"
            },
            {
                "type": "Pepperoni",
                "size": "S"
            }
        ],
        "date": "2023-05-23"
    },
    {
        "order_id": 30,
        "store": "The Glebe",
        "items": [
            {
                "type": "Pepperoni",
                "size": "L"
            },
            {
                "type": "Hawaiian",
                "size": "M"
            }
        ],
        "date": "2023-06-30"
    },
    {
        "order_id": 31,
        "store": "Kanata",
        "items": [
            {
                "type": "Meatlovers",
                "size": "M"
            },
            {
                "type": "Cheese",
                "size": "S"
            },
            {
                "type": "Pepperoni",
                "size": "L"
            },
            {
                "type": "Deluxe",
                "size": "S"
            }
        ],
        "date": "2023-07-07"
    },
    {
        "order_id": 32,
        "store": "Orleans",
        "items": [
            {
                "type": "Hawaiian",
                "size": "M"
            }
        ],
        "date": "2023-08-15"
    },
    {
        "order_id": 33,
        "store": "Downtown",
        "items": [
            {
                "type": "Meatlovers",
                "size": "L"
            },
            {
                "type": "Pepperoni",
                "size": "S"
            }
        ],
        "date": "2023-09-21"
    },
    {
        "order_id": 34,
        "store": "Kanata",
        "items": [
            {
                "type": "Cheese",
                "size": "S"
            }
        ],
        "date": "2023-01-10"
    },
    {
        "order_id": 35,
        "store": "Orleans",
        "items": [
            {
                "type": "Pepperoni",
                "size": "M"
            }
        ],
        "date": "2023-03-25"
    },
    {
        "order_id": 36,
        "store": "Downtown",
        "items": [
            {
                "type": "Meatlovers",
                "size": "L"
            },
            {
                "type": "Hawaiian",
                "size": "S"
            }
        ],
        "date": "2023-05-12"
    },
    {
        "order_id": 37,
        "store": "Sandy Hill",
        "items": [
            {
                "type": "Deluxe",
                "size": "M"
            },
            {
                "type": "Cheese",
                "size": "L"
            }
        ],
        "date": "2023-07-04"
    },
    {
        "order_id": 38,
        "store": "The Glebe",
        "items": [
            {
                "type": "Meatlovers",
                "size": "S"
            },
            {
                "type": "Hawaiian",
                "size": "L"
            }
        ],
        "date": "2023-09-18"
    },
    {
        "order_id": 39,
        "store": "Kanata",
        "items": [
            {
                "type": "Pepperoni",
                "size": "S"
            },
            {
                "type": "Hawaiian",
                "size": "M"
            }
        ],
        "date": "2023-11-03"
    },
    {
        "order_id": 40,
        "store": "Orleans",
        "items": [
            {
                "type": "Cheese",
                "size": "L"
            },
            {
                "type": "Deluxe",
                "size": "S"
            }
        ],
        "date": "2023-02-15"
    },
    {
        "order_id": 41,
        "store": "Downtown",
        "items": [
            {
                "type": "Hawaiian",
                "size": "M"
            }
        ],
        "date": "2023-04-30"
    },
    {
        "order_id": 42,
        "store": "Sandy Hill",
        "items": [
            {
                "type": "Meatlovers",
                "size": "L"
            },
            {
                "type": "Pepperoni",
                "size": "M"
            }
        ],
        "date": "2023-06-20"
    },
    {
        "order_id": 43,
        "store": "The Glebe",
        "items": [
            {
                "type": "Cheese",
                "size": "S"
            },
            {
                "type": "Hawaiian",
                "size": "M"
            },
            {
                "type": "Meatlovers",
                "size": "S"
            }
        ],
        "date": "2023-08-08"
    },
    {
        "order_id": 44,
        "store": "Kanata",
        "items": [
            {
                "type": "Deluxe",
                "size": "L"
            }
        ],
        "date": "2023-10-25"
    },
    {
        "order_id": 45,
        "store": "Orleans",
        "items": [
            {
                "type": "Pepperoni",
                "size": "S"
            },
            {
                "type": "Hawaiian",
                "size": "L"
            }
        ],
        "date": "2023-12-17"
    },
    {
        "order_id": 46,
        "store": "Downtown",
        "items": [
            {
                "type": "Cheese",
                "size": "M"
            }
        ],
        "date": "2023-03-05"
    },
    {
        "order_id": 47,
        "store": "Sandy Hill",
        "items": [
            {
                "type": "Meatlovers",
                "size": "S"
            },
            {
                "type": "Hawaiian",
                "size": "M"
            }
        ],
        "date": "2023-05-22"
    },
    {
        "order_id": 48,
        "store": "The Glebe",
        "items": [
            {
                "type": "Deluxe",
                "size": "L"
            },
            {
                "type": "Cheese",
                "size": "M"
            }
        ],
        "date": "2023-07-10"
    },
    {
        "order_id": 49,
        "store": "Kanata",
        "items": [
            {
                "type": "Hawaiian",
                "size": "S"
            },
            {
                "type": "Pepperoni",
                "size": "L"
            }
        ],
        "date": "2023-09-01"
    },
    {
        "order_id": 50,
        "store": "Orleans",
        "items": [
            {
                "type": "Meatlovers",
                "size": "S"
            }
        ],
        "date": "2023-10-14"
    }
]